{
    "final_loss": 0.6911190568565166,
    "mean_paired_distance": 0.0025137644855903474,
    "final_eps": 0.005,
    "optimizer_message": "CONVERGENCE: NORM_OF_PROJECTED_GRADIENT_<=_PGTOL",
    "total_iterations": 0,
    "final_dt_params": [
        0.01,
        0.01,
        0.01,
        0.01,
        0.01,
        0.01,
        0.01,
        0.01,
        0.01,
        0.01,
        0.01,
        0.01
    ],
    "P_matrix": [
        [
            0.0,
            0.042070385977984764,
            0.09209806963240567,
            0.00033171639401151815,
            0.7309516671921039,
            0.0921295232248705,
            0.04208704360643353,
            0.0003315939721901732
        ],
        [
            0.04207038597798475,
            0.0,
            0.23754500102623385,
            0.09164874332022357,
            0.04207273319392378,
            0.23753184875404504,
            0.25747997883885615,
            0.09165130888873275
        ],
        [
            0.09209806963240567,
            0.23754500102623388,
            0.0,
            0.04175720822974,
            0.09209584538297076,
            0.257185064854206,
            0.237563776777674,
            0.041755034096769686
        ],
        [
            0.00033171639401151815,
            0.0916487433202236,
            0.04175720822974001,
            0.0,
            0.00033186354655724673,
            0.041738697776850554,
            0.09161310082458964,
            0.7325786699080274
        ],
        [
            0.730951667192104,
            0.042072733193923816,
            0.09209584538297079,
            0.0003318635465572468,
            0.0,
            0.09212692639331696,
            0.04208922188046233,
            0.00033174241066492513
        ],
        [
            0.09212952322487049,
            0.2375318487540451,
            0.257185064854206,
            0.041738697776850554,
            0.09212692639331695,
            0.0,
            0.23755158317254008,
            0.041736355824170804
        ],
        [
            0.04208704360643353,
            0.25747997883885626,
            0.237563776777674,
            0.09161310082458961,
            0.04208922188046232,
            0.23755158317254005,
            0.0,
            0.09161529489944421
        ],
        [
            0.0003315939721901731,
            0.09165130888873278,
            0.041755034096769686,
            0.7325786699080273,
            0.000331742410664925,
            0.0417363558241708,
            0.09161529489944421,
            0.0
        ]
    ],
    "C_matrix": [
        [
            1000000.0,
            0.011667357200704664,
            0.007746878547677305,
            0.038494480863169755,
            1.0079871159973663e-08,
            0.0077453044875364085,
            0.011665383141813201,
            0.03849841812913102
        ],
        [
            0.011667357200704664,
            1000000.0,
            0.0004000001285069388,
            0.0077779270813094215,
            0.011665384538287249,
            0.0004004102360886108,
            1.0100000835677747e-08,
            0.007779878762742776
        ],
        [
            0.007746878547677305,
            0.0004000001285069388,
            1000000.0,
            0.01170545385431776,
            0.007745305596303709,
            1.0100001723856167e-08,
            0.0003996102225638509,
            0.011707805838296892
        ],
        [
            0.038494480863169755,
            0.0077779270813094215,
            0.01170545385431776,
            1000000.0,
            0.03849056960023489,
            0.011707804046186432,
            0.007779877258387913,
            1.0120166926697038e-08
        ],
        [
            1.0079871159973663e-08,
            0.011665384538287249,
            0.007745305596303709,
            0.03849056960023489,
            1000000.0,
            0.007743751716025038,
            0.011663430659258012,
            0.038494486666198036
        ],
        [
            0.0077453044875364085,
            0.0004004102360886108,
            1.0100001723856167e-08,
            0.011707804046186432,
            0.007743751716025038,
            1000000.0,
            0.00040000013014207525,
            0.011710176250322668
        ],
        [
            0.011665383141813201,
            1.0100000835677747e-08,
            0.0003996102225638509,
            0.007779877258387913,
            0.011663430659258012,
            0.00040000013014207525,
            1000000.0,
            0.007781849159979259
        ],
        [
            0.03849841812913102,
            0.007779878762742776,
            0.011707805838296892,
            1.0120166926697038e-08,
            0.038494486666198036,
            0.011710176250322668,
            0.007781849159979259,
            1000000.0
        ]
    ]
}